model_name,epoch,learning_rate,eval_accuracy,eval_f1,eval_precision,eval_recall
bert-base-uncased_all,10,5e-05,0.7878787878787878,0.7891504749255053,0.7870916787523616,0.8074927361747934
bert-base-uncased_neg,10,5e-05,0.7988980716253443,0.8169928151147917,0.8795549791163932,0.7957685165020056
