{
  "best_metric": 1.6970982551574707,
  "best_model_checkpoint": "./results\\checkpoint-64",
  "epoch": 2.0,
  "eval_steps": 500,
  "global_step": 128,
  "is_hyper_param_search": false,
  "is_local_process_zero": true,
  "is_world_process_zero": true,
  "log_history": [
    {
      "epoch": 0.78125,
      "grad_norm": 4.900373935699463,
      "learning_rate": 1.479166666666667e-05,
      "loss": 1.5692,
      "step": 50
    },
    {
      "epoch": 1.0,
      "eval_accuracy": 0.36585365853658536,
      "eval_f1": 0.3245106483346467,
      "eval_loss": 1.6970982551574707,
      "eval_precision": 0.29783194600790514,
      "eval_recall": 0.36585365853658536,
      "eval_runtime": 8.679,
      "eval_samples_per_second": 33.068,
      "eval_steps_per_second": 2.074,
      "step": 64
    },
    {
      "epoch": 1.5625,
      "grad_norm": 2.6330790519714355,
      "learning_rate": 9.583333333333335e-06,
      "loss": 1.2814,
      "step": 100
    },
    {
      "epoch": 2.0,
      "eval_accuracy": 0.4146341463414634,
      "eval_f1": 0.35675029313703926,
      "eval_loss": 1.774940013885498,
      "eval_precision": 0.31323652109064587,
      "eval_recall": 0.4146341463414634,
      "eval_runtime": 10.6449,
      "eval_samples_per_second": 26.961,
      "eval_steps_per_second": 1.691,
      "step": 128
    }
  ],
  "logging_steps": 50,
  "max_steps": 192,
  "num_input_tokens_seen": 0,
  "num_train_epochs": 3,
  "save_steps": 500,
  "stateful_callbacks": {
    "TrainerControl": {
      "args": {
        "should_epoch_stop": false,
        "should_evaluate": false,
        "should_log": false,
        "should_save": true,
        "should_training_stop": false
      },
      "attributes": {}
    }
  },
  "total_flos": 67761907817472.0,
  "train_batch_size": 16,
  "trial_name": null,
  "trial_params": null
}
