{
    "epoch": 9.904761904761905,
    "eval_gen_len": 13.679144385026738,
    "eval_loss": 0.4278431832790375,
    "eval_rouge1": 44.4982,
    "eval_rouge2": 35.3017,
    "eval_rougeL": 43.8864,
    "eval_rougeLsum": 44.1202,
    "eval_runtime": 30.5748,
    "eval_samples": 187,
    "eval_samples_per_second": 6.116,
    "eval_steps_per_second": 0.785,
    "predict_gen_len": 14.205567451820128,
    "predict_loss": 0.34523606300354004,
    "predict_rouge1": 40.3181,
    "predict_rouge2": 31.7333,
    "predict_rougeL": 39.9149,
    "predict_rougeLsum": 39.9014,
    "predict_runtime": 70.5826,
    "predict_samples": 467,
    "predict_samples_per_second": 6.616,
    "predict_steps_per_second": 0.836,
    "total_flos": 4334399314944000.0,
    "train_loss": 0.5756038601581867,
    "train_runtime": 394.2442,
    "train_samples": 1678,
    "train_samples_per_second": 42.562,
    "train_steps_per_second": 1.319
}