{
    "epoch": 9.904761904761905,
    "eval_gen_len": 13.679144385026738,
    "eval_loss": 0.4278431832790375,
    "eval_rouge1": 44.4982,
    "eval_rouge2": 35.3017,
    "eval_rougeL": 43.8864,
    "eval_rougeLsum": 44.1202,
    "eval_runtime": 30.5748,
    "eval_samples": 187,
    "eval_samples_per_second": 6.116,
    "eval_steps_per_second": 0.785
}