{
    "predict_gen_len": 14.205567451820128,
    "predict_loss": 0.34523606300354004,
    "predict_rouge1": 40.3181,
    "predict_rouge2": 31.7333,
    "predict_rougeL": 39.9149,
    "predict_rougeLsum": 39.9014,
    "predict_runtime": 70.5826,
    "predict_samples": 467,
    "predict_samples_per_second": 6.616,
    "predict_steps_per_second": 0.836
}