{
    "epoch": 9.904761904761905,
    "total_flos": 4334399314944000.0,
    "train_loss": 0.5756038601581867,
    "train_runtime": 394.2442,
    "train_samples": 1678,
    "train_samples_per_second": 42.562,
    "train_steps_per_second": 1.319
}