{
    "epoch": 2.9714285714285715,
    "eval_gen_len": 16.294117647058822,
    "eval_loss": 0.6661071181297302,
    "eval_rouge1": 25.5277,
    "eval_rouge2": 16.1759,
    "eval_rougeL": 25.0726,
    "eval_rougeLsum": 25.0532,
    "eval_runtime": 221.4741,
    "eval_samples": 187,
    "eval_samples_per_second": 0.844,
    "eval_steps_per_second": 0.108,
    "predict_gen_len": 16.26338329764454,
    "predict_loss": 0.5733024477958679,
    "predict_rouge1": 27.5527,
    "predict_rouge2": 17.756,
    "predict_rougeL": 26.9066,
    "predict_rougeLsum": 26.9145,
    "predict_runtime": 568.7167,
    "predict_samples": 467,
    "predict_samples_per_second": 0.821,
    "predict_steps_per_second": 0.104,
    "total_flos": 1304364880896000.0,
    "train_loss": 1.3072310227614183,
    "train_runtime": 2142.5225,
    "train_samples": 1678,
    "train_samples_per_second": 2.35,
    "train_steps_per_second": 0.073
}