{
    "epoch": 2.9714285714285715,
    "eval_gen_len": 16.294117647058822,
    "eval_loss": 0.6661071181297302,
    "eval_rouge1": 25.5277,
    "eval_rouge2": 16.1759,
    "eval_rougeL": 25.0726,
    "eval_rougeLsum": 25.0532,
    "eval_runtime": 221.4741,
    "eval_samples": 187,
    "eval_samples_per_second": 0.844,
    "eval_steps_per_second": 0.108
}