model_name,epoch,learning_rate,eval_accuracy,eval_f1,eval_precision,eval_recall,test_accuracy,test_f1,test_precision,test_recall
bert-base-uncased,epoch_10,5e-05,0.7904411764705882,0.7374792963623655,0.80065113338399,0.7323186574004251,0.7912087912087912,0.7213711671189678,0.7244836849579933,0.7668068875032126
roberta-base,epoch_10,5e-05,0.4007352941176471,0.05787195260879472,0.042446524064171126,0.09090909090909091,0.45054945054945056,0.06192358366271411,0.04695304695304696,0.09090909090909091
allenai/scibert_scivocab_uncased,epoch_10,5e-05,0.8014705882352942,0.7902558239859279,0.8385950413223141,0.8273685286709461,0.8681318681318682,0.7861192284827923,0.7457699305525393,0.8790457769181174
