model_name,epoch,learning_rate,eval_accuracy,eval_f1,eval_precision,eval_recall,test_accuracy,test_f1,test_precision,test_recall
bert-base-uncased_all,epoch_10,5e-05,0.7720588235294118,0.755903254670967,0.8017192812519688,0.7450094397830349,0.8461538461538461,0.7976243614541485,0.7716503354801229,0.8406419499262827
bert-base-uncased_neg,epoch_10,5e-05,0.7867647058823529,0.7505473752472036,0.7876990244515426,0.7474911534716452,0.8241758241758241,0.7612668033720665,0.7287878787878789,0.8252208140022453
roberta-base_all,epoch_10,5e-05,0.34558823529411764,0.06228956228956229,0.05122288878634056,0.07945597709377238,0.38461538461538464,0.06112852664576802,0.05138339920948616,0.07543520309477757
roberta-base_neg,epoch_10,5e-05,0.4007352941176471,0.05787195260879472,0.042446524064171126,0.09090909090909091,0.45054945054945056,0.06192358366271411,0.04695304695304696,0.09090909090909091
scibert_all/scibert_scivocab_uncased,epoch_10,5e-05,0.8161764705882353,0.8578989010189374,0.8826834523739747,0.8695316006782494,0.8241758241758241,0.7592724193779187,0.7292248813987944,0.8385440478283804
scibert_neg/scibert_scivocab_uncased,epoch_10,5e-05,0.8272058823529411,0.8848152111131345,0.8988686310786625,0.8917394201968452,0.8351648351648352,0.7570298035771181,0.7584415584415585,0.8041146474415334
