{
  "best_metric": 1.8593794107437134,
  "best_model_checkpoint": "./results\\checkpoint-71",
  "epoch": 2.0,
  "eval_steps": 500,
  "global_step": 142,
  "is_hyper_param_search": false,
  "is_local_process_zero": true,
  "is_world_process_zero": true,
  "log_history": [
    {
      "epoch": 0.704225352112676,
      "grad_norm": 13.072625160217285,
      "learning_rate": 1.5305164319248827e-05,
      "loss": 1.6472,
      "step": 50
    },
    {
      "epoch": 1.0,
      "eval_accuracy": 0.397212543554007,
      "eval_f1": 0.3496399457082776,
      "eval_loss": 1.8593794107437134,
      "eval_precision": 0.31265576951859403,
      "eval_recall": 0.397212543554007,
      "eval_runtime": 21.7171,
      "eval_samples_per_second": 13.215,
      "eval_steps_per_second": 0.829,
      "step": 71
    },
    {
      "epoch": 1.408450704225352,
      "grad_norm": 16.224870681762695,
      "learning_rate": 1.0610328638497653e-05,
      "loss": 1.301,
      "step": 100
    },
    {
      "epoch": 2.0,
      "eval_accuracy": 0.40418118466898956,
      "eval_f1": 0.3540793851702844,
      "eval_loss": 2.1991989612579346,
      "eval_precision": 0.3199370661097293,
      "eval_recall": 0.40418118466898956,
      "eval_runtime": 21.6625,
      "eval_samples_per_second": 13.249,
      "eval_steps_per_second": 0.831,
      "step": 142
    }
  ],
  "logging_steps": 50,
  "max_steps": 213,
  "num_input_tokens_seen": 0,
  "num_train_epochs": 3,
  "save_steps": 500,
  "stateful_callbacks": {
    "TrainerControl": {
      "args": {
        "should_epoch_stop": false,
        "should_evaluate": false,
        "should_log": false,
        "should_save": true,
        "should_training_stop": false
      },
      "attributes": {}
    }
  },
  "total_flos": 147873723715584.0,
  "train_batch_size": 16,
  "trial_name": null,
  "trial_params": null
}
