{
  "best_metric": 1.672820806503296,
  "best_model_checkpoint": "./results\\checkpoint-71",
  "epoch": 2.0,
  "eval_steps": 500,
  "global_step": 142,
  "is_hyper_param_search": false,
  "is_local_process_zero": true,
  "is_world_process_zero": true,
  "log_history": [
    {
      "epoch": 0.704225352112676,
      "grad_norm": 5.608625411987305,
      "learning_rate": 1.5305164319248827e-05,
      "loss": 1.6996,
      "step": 50
    },
    {
      "epoch": 1.0,
      "eval_accuracy": 0.4095238095238095,
      "eval_f1": 0.3479750256266891,
      "eval_loss": 1.672820806503296,
      "eval_precision": 0.3035501857801509,
      "eval_recall": 0.4095238095238095,
      "eval_runtime": 8.4994,
      "eval_samples_per_second": 12.354,
      "eval_steps_per_second": 0.824,
      "step": 71
    },
    {
      "epoch": 1.408450704225352,
      "grad_norm": 15.633279800415039,
      "learning_rate": 1.0610328638497653e-05,
      "loss": 1.3085,
      "step": 100
    },
    {
      "epoch": 2.0,
      "eval_accuracy": 0.4,
      "eval_f1": 0.3378899046934383,
      "eval_loss": 2.160677194595337,
      "eval_precision": 0.2971960579103436,
      "eval_recall": 0.4,
      "eval_runtime": 8.4232,
      "eval_samples_per_second": 12.466,
      "eval_steps_per_second": 0.831,
      "step": 142
    }
  ],
  "logging_steps": 50,
  "max_steps": 213,
  "num_input_tokens_seen": 0,
  "num_train_epochs": 3,
  "save_steps": 500,
  "stateful_callbacks": {
    "TrainerControl": {
      "args": {
        "should_epoch_stop": false,
        "should_evaluate": false,
        "should_log": false,
        "should_save": true,
        "should_training_stop": false
      },
      "attributes": {}
    }
  },
  "total_flos": 147873723715584.0,
  "train_batch_size": 16,
  "trial_name": null,
  "trial_params": null
}
